category,avg_compound,post_count,run_date
conspiracy,-0.058313448,2097,2026-05-09
mainstream,0.0359871,2636,2026-05-09
conspiracy,-0.058313448,2097,2026-05-10
mainstream,0.0359871,2636,2026-05-10
conspiracy,-0.058313448,2097,2026-05-11
mainstream,0.0359871,2636,2026-05-11
conspiracy,-0.058313448,2097,2026-05-12
mainstream,0.0359871,2636,2026-05-12
conspiracy,-0.058313448,2097,2026-05-13
mainstream,0.0359871,2636,2026-05-13
conspiracy,-0.058313448,2097,2026-05-14
mainstream,0.0359871,2636,2026-05-14
conspiracy,-0.058313448,2097,2026-05-14
mainstream,0.0359871,2636,2026-05-14
conspiracy,-0.058313448,2097,2026-05-14
mainstream,0.0359871,2636,2026-05-14
conspiracy,-0.058313448,2097,2026-05-15
mainstream,0.0359871,2636,2026-05-15
conspiracy,-0.07362531,2987,2026-05-16
mainstream,-0.018131508,12432,2026-05-16
